symbol,effective_from,effective_to,index_name,source,notes
360ONE,2025-09-30,,NIFTY200,niftyindices_pr_scraped,
AARTIIND,2020-06-26,2022-05-03,NIFTY200,niftyindices_pr_scraped,
ABB,2018-01-01,2019-09-26,NIFTY200,niftyindices_pr_scraped,
ABB,2022-03-31,,NIFTY200,niftyindices_pr_scraped,
ABBOTINDIA,2022-03-31,2023-09-28,NIFTY200,niftyindices_pr_scraped,
ABCAPITAL,2018-04-02,,NIFTY200,niftyindices_pr_scraped,
ABFRL,2018-01-01,2025-09-29,NIFTY200,niftyindices_pr_scraped,
ACC,2018-01-01,2026-03-29,NIFTY200,niftyindices_pr_scraped,
ADANIENSOL,2018-01-01,,NIFTY200,niftyindices_pr_scraped,
ADANIENT,2018-01-01,2018-04-01,NIFTY200,niftyindices_pr_scraped,
ADANIENT,2020-09-25,,NIFTY200,niftyindices_pr_scraped,
ADANIGREEN,2020-09-25,,NIFTY200,niftyindices_pr_scraped,
ADANIPORTS,2018-01-01,,NIFTY200,niftyindices_pr_scraped,
ADANIPOWER,2018-01-01,2020-09-24,NIFTY200,niftyindices_pr_scraped,
ADANIPOWER,2023-03-31,,NIFTY200,niftyindices_pr_scraped,
AIAENG,2018-01-01,2018-09-27,NIFTY200,niftyindices_pr_scraped,
AJANTPHARM,2018-01-01,2022-03-30,NIFTY200,niftyindices_pr_scraped,
ALBK,2019-09-27,2019-12-26,NIFTY200,niftyindices_pr_scraped,
ALKEM,2018-01-01,,NIFTY200,niftyindices_pr_scraped,
AMARAJABAT,2018-01-01,2022-03-30,NIFTY200,niftyindices_pr_scraped,
AMBUJACEM,2018-01-01,,NIFTY200,niftyindices_pr_scraped,
APLAPOLLO,2023-09-29,,NIFTY200,niftyindices_pr_scraped,
APLLTD,2020-09-25,2022-09-29,NIFTY200,niftyindices_pr_scraped,
APOLLOHOSP,2018-01-01,,NIFTY200,niftyindices_pr_scraped,
APOLLOTYRE,2018-01-01,2022-09-29,NIFTY200,niftyindices_pr_scraped,
APOLLOTYRE,2023-03-31,2025-09-29,NIFTY200,niftyindices_pr_scraped,
ASHOKLEY,2018-01-01,,NIFTY200,niftyindices_pr_scraped,
ASIANPAINT,2018-01-01,,NIFTY200,niftyindices_pr_scraped,
ASTRAL,2018-01-01,,NIFTY200,niftyindices_pr_scraped,
ATGL,2018-01-01,,NIFTY200,niftyindices_pr_scraped,
AUBANK,2018-01-01,,NIFTY200,niftyindices_pr_scraped,
AUROPHARMA,2018-01-01,,NIFTY200,niftyindices_pr_scraped,
AVANTIFEED,2018-09-28,2019-03-28,NIFTY200,niftyindices_pr_scraped,
AWL,2022-09-30,2024-03-27,NIFTY200,niftyindices_pr_scraped,
AXISBANK,2018-01-01,,NIFTY200,niftyindices_pr_scraped,
BAJAJ-AUTO,2018-01-01,,NIFTY200,niftyindices_pr_scraped,
BAJAJFINSV,2018-01-01,,NIFTY200,niftyindices_pr_scraped,
BAJAJHFL,2025-03-28,2026-03-29,NIFTY200,niftyindices_pr_scraped,
BAJAJHLDNG,2019-03-29,,NIFTY200,niftyindices_pr_scraped,
BAJFINANCE,2018-01-01,,NIFTY200,niftyindices_pr_scraped,
BALKRISIND,2018-01-01,2025-03-27,NIFTY200,niftyindices_pr_scraped,
BANDHANBNK,2018-09-28,2025-09-29,NIFTY200,niftyindices_pr_scraped,
BANKBARODA,2018-01-01,,NIFTY200,niftyindices_pr_scraped,
BANKINDIA,2018-01-01,,NIFTY200,niftyindices_pr_scraped,
BATAINDIA,2018-01-01,2024-03-27,NIFTY200,niftyindices_pr_scraped,
BDL,2023-09-29,,NIFTY200,niftyindices_pr_scraped,
BEL,2018-01-01,,NIFTY200,niftyindices_pr_scraped,
BERGEPAINT,2018-01-01,2024-09-29,NIFTY200,niftyindices_pr_scraped,
BHARATFORG,2018-01-01,,NIFTY200,niftyindices_pr_scraped,
BHARTIARTL,2018-01-01,,NIFTY200,niftyindices_pr_scraped,
BHARTIHEXA,2024-09-30,2026-03-29,NIFTY200,niftyindices_pr_scraped,
BHEL,2018-01-01,,NIFTY200,niftyindices_pr_scraped,
BIOCON,2018-01-01,,NIFTY200,niftyindices_pr_scraped,
BLUESTARCO,2025-09-30,,NIFTY200,niftyindices_pr_scraped,
BOSCHLTD,2018-01-01,,NIFTY200,niftyindices_pr_scraped,
BPCL,2018-01-01,,NIFTY200,niftyindices_pr_scraped,
BRITANNIA,2018-01-01,,NIFTY200,niftyindices_pr_scraped,
BSE,2018-01-01,,NIFTY200,niftyindices_pr_scraped,
CANBK,2018-01-01,,NIFTY200,niftyindices_pr_scraped,
CASTROLIND,2018-01-01,2022-03-30,NIFTY200,niftyindices_pr_scraped,
CENTRALBK,2018-01-01,2019-03-28,NIFTY200,niftyindices_pr_scraped,
CGPOWER,2023-03-31,,NIFTY200,niftyindices_pr_scraped,
CHOLAFIN,2018-01-01,,NIFTY200,niftyindices_pr_scraped,
CIPLA,2018-01-01,,NIFTY200,niftyindices_pr_scraped,
CLEAN,2022-03-31,2023-03-30,NIFTY200,niftyindices_pr_scraped,
COALINDIA,2018-01-01,,NIFTY200,niftyindices_pr_scraped,
COCHINSHIP,2024-09-30,,NIFTY200,niftyindices_pr_scraped,
COFORGE,2018-01-01,,NIFTY200,niftyindices_pr_scraped,
COLPAL,2018-01-01,,NIFTY200,niftyindices_pr_scraped,
CONCOR,2018-01-01,,NIFTY200,niftyindices_pr_scraped,
COROMANDEL,2018-01-01,2024-03-27,NIFTY200,niftyindices_pr_scraped,
COROMANDEL,2025-09-30,,NIFTY200,niftyindices_pr_scraped,
CRISIL,2018-01-01,2018-04-01,NIFTY200,niftyindices_pr_scraped,
CROMPTON,2018-01-01,2024-03-27,NIFTY200,niftyindices_pr_scraped,
CUB,2019-09-27,2022-03-30,NIFTY200,niftyindices_pr_scraped,
CUMMINSIND,2018-01-01,,NIFTY200,niftyindices_pr_scraped,
DABUR,2018-01-01,,NIFTY200,niftyindices_pr_scraped,
DALBHARAT,2019-09-27,2024-09-29,NIFTY200,niftyindices_pr_scraped,
DALMIABHA,2018-01-01,2018-04-01,NIFTY200,niftyindices_pr_scraped,
DBL,2018-04-02,2019-09-26,NIFTY200,niftyindices_pr_scraped,
DEEPAKNTR,2021-03-31,2024-09-29,NIFTY200,niftyindices_pr_scraped,
DELHIVERY,2022-08-08,2025-03-27,NIFTY200,niftyindices_pr_scraped,
DEVYANI,2023-03-31,2024-03-27,NIFTY200,niftyindices_pr_scraped,
DHANI,2018-01-01,2022-03-30,NIFTY200,niftyindices_pr_scraped,
DHFL,2018-01-01,2019-09-26,NIFTY200,niftyindices_pr_scraped,
DISHTV,2018-01-01,2019-09-26,NIFTY200,niftyindices_pr_scraped,
DIVISLAB,2018-01-01,,NIFTY200,niftyindices_pr_scraped,
DIXON,2021-03-31,,NIFTY200,niftyindices_pr_scraped,
DLF,2018-01-01,,NIFTY200,niftyindices_pr_scraped,
DMART,2018-01-01,,NIFTY200,niftyindices_pr_scraped,
DRREDDY,2018-01-01,,NIFTY200,niftyindices_pr_scraped,
EDELWEISS,2018-01-01,2021-03-30,NIFTY200,niftyindices_pr_scraped,
EICHERMOT,2018-01-01,,NIFTY200,niftyindices_pr_scraped,
EMAMILTD,2018-01-01,2018-09-27,NIFTY200,niftyindices_pr_scraped,
EMAMILTD,2019-09-27,2023-03-30,NIFTY200,niftyindices_pr_scraped,
ENDURANCE,2018-01-01,2022-03-30,NIFTY200,niftyindices_pr_scraped,
ENGINERSIN,2018-01-01,2020-06-25,NIFTY200,niftyindices_pr_scraped,
ENRIN,2025-09-30,,NIFTY200,niftyindices_pr_scraped,
ESCORTS,2018-09-28,2025-09-29,NIFTY200,niftyindices_pr_scraped,
ETERNAL,2018-01-01,,NIFTY200,niftyindices_pr_scraped,
EXIDEIND,2018-01-01,2022-09-29,NIFTY200,niftyindices_pr_scraped,
EXIDEIND,2024-09-30,,NIFTY200,niftyindices_pr_scraped,
FACT,2023-09-29,2025-03-27,NIFTY200,niftyindices_pr_scraped,
FCONSUMER,2018-04-02,2020-06-25,NIFTY200,niftyindices_pr_scraped,
FEDERALBNK,2018-01-01,,NIFTY200,niftyindices_pr_scraped,
FLUOROCHEM,2023-03-31,2024-03-27,NIFTY200,niftyindices_pr_scraped,
FORTIS,2019-12-27,2024-09-29,NIFTY200,niftyindices_pr_scraped,
FORTIS,2025-09-30,,NIFTY200,niftyindices_pr_scraped,
FRETAIL,2018-01-01,2021-03-30,NIFTY200,niftyindices_pr_scraped,
GAIL,2018-01-01,,NIFTY200,niftyindices_pr_scraped,
GICRE,2018-04-02,2021-03-30,NIFTY200,niftyindices_pr_scraped,
GLAND,2021-06-30,2024-09-29,NIFTY200,niftyindices_pr_scraped,
GLAXO,2018-01-01,2018-04-01,NIFTY200,niftyindices_pr_scraped,
GLENMARK,2018-01-01,2022-09-29,NIFTY200,niftyindices_pr_scraped,
GLENMARK,2025-03-28,,NIFTY200,niftyindices_pr_scraped,
GMRAIRPORT,2018-01-01,,NIFTY200,niftyindices_pr_scraped,
GMRINFRA,2018-01-01,2021-10-28,NIFTY200,niftyindices_pr_scraped,
GODFRYPHLP,2025-09-30,,NIFTY200,niftyindices_pr_scraped,
GODREJCP,2018-01-01,,NIFTY200,niftyindices_pr_scraped,
GODREJIND,2018-01-01,2022-03-30,NIFTY200,niftyindices_pr_scraped,
GODREJPROP,2019-09-27,,NIFTY200,niftyindices_pr_scraped,
GPPL,2018-01-01,2018-04-01,NIFTY200,niftyindices_pr_scraped,
GRAPHITE,2018-09-28,2020-06-25,NIFTY200,niftyindices_pr_scraped,
GRASIM,2018-04-02,,NIFTY200,niftyindices_pr_scraped,
GROWW,2026-03-30,,NIFTY200,niftyindices_pr_scraped,
GRUH,2018-01-01,2019-09-26,NIFTY200,niftyindices_pr_scraped,
GSKCONS,2018-01-01,2018-04-01,NIFTY200,niftyindices_pr_scraped,
GSKCONS,2019-03-29,2019-09-26,NIFTY200,niftyindices_pr_scraped,
GSPL,2018-01-01,2023-03-30,NIFTY200,niftyindices_pr_scraped,
GUJGASLTD,2020-06-26,2024-09-29,NIFTY200,niftyindices_pr_scraped,
GVT&D,2026-03-30,,NIFTY200,niftyindices_pr_scraped,
HAL,2021-03-31,,NIFTY200,niftyindices_pr_scraped,
HAVELLS,2018-01-01,,NIFTY200,niftyindices_pr_scraped,
HCLTECH,2018-01-01,,NIFTY200,niftyindices_pr_scraped,
HDFC,2018-01-01,2023-07-12,NIFTY200,niftyindices_pr_scraped,
HDFCAMC,2019-03-29,,NIFTY200,niftyindices_pr_scraped,
HDFCBANK,2018-01-01,,NIFTY200,niftyindices_pr_scraped,
HDFCLIFE,2018-09-28,,NIFTY200,niftyindices_pr_scraped,
HEG,2018-09-28,2020-06-25,NIFTY200,niftyindices_pr_scraped,
HEROMOTOCO,2018-01-01,,NIFTY200,niftyindices_pr_scraped,
HEXAWARE,2018-01-01,2020-09-24,NIFTY200,niftyindices_pr_scraped,
HINDALCO,2018-01-01,,NIFTY200,niftyindices_pr_scraped,
HINDCOPPER,2018-01-01,2022-03-30,NIFTY200,niftyindices_pr_scraped,
HINDPETRO,2018-01-01,,NIFTY200,niftyindices_pr_scraped,
HINDUNILVR,2018-01-01,,NIFTY200,niftyindices_pr_scraped,
HINDZINC,2018-01-01,2023-09-28,NIFTY200,niftyindices_pr_scraped,
HINDZINC,2024-09-30,,NIFTY200,niftyindices_pr_scraped,
HONAUT,2022-05-04,2023-09-28,NIFTY200,niftyindices_pr_scraped,
HUDCO,2018-01-01,2021-03-30,NIFTY200,niftyindices_pr_scraped,
HUDCO,2024-09-30,,NIFTY200,niftyindices_pr_scraped,
HYUNDAI,2025-03-28,,NIFTY200,niftyindices_pr_scraped,
IBREALEST,2018-04-02,2018-09-27,NIFTY200,niftyindices_pr_scraped,
ICICIAMC,2026-03-30,,NIFTY200,niftyindices_pr_scraped,
ICICIBANK,2018-01-01,,NIFTY200,niftyindices_pr_scraped,
ICICIGI,2018-04-02,,NIFTY200,niftyindices_pr_scraped,
ICICIPRULI,2018-01-01,2025-09-29,NIFTY200,niftyindices_pr_scraped,
IDBI,2018-01-01,2020-09-24,NIFTY200,niftyindices_pr_scraped,
IDBI,2022-03-31,2022-09-29,NIFTY200,niftyindices_pr_scraped,
IDBI,2024-03-28,2025-03-27,NIFTY200,niftyindices_pr_scraped,
IDEA,2018-01-01,,NIFTY200,niftyindices_pr_scraped,
IDFC,2018-01-01,2018-09-27,NIFTY200,niftyindices_pr_scraped,
IDFCFIRSTB,2018-01-01,,NIFTY200,niftyindices_pr_scraped,
IEX,2022-03-31,2023-03-30,NIFTY200,niftyindices_pr_scraped,
IGL,2018-01-01,2026-03-29,NIFTY200,niftyindices_pr_scraped,
INDHOTEL,2018-01-01,,NIFTY200,niftyindices_pr_scraped,
INDIAMART,2021-03-31,2023-03-30,NIFTY200,niftyindices_pr_scraped,
INDIANB,2018-01-01,,NIFTY200,niftyindices_pr_scraped,
INDIGO,2018-01-01,,NIFTY200,niftyindices_pr_scraped,
INDUSINDBK,2018-01-01,,NIFTY200,niftyindices_pr_scraped,
INDUSTOWER,2018-01-01,,NIFTY200,niftyindices_pr_scraped,
INFY,2018-01-01,,NIFTY200,niftyindices_pr_scraped,
IOB,2024-09-30,2025-03-27,NIFTY200,niftyindices_pr_scraped,
IOC,2018-01-01,,NIFTY200,niftyindices_pr_scraped,
IPCALAB,2018-01-01,2018-04-01,NIFTY200,niftyindices_pr_scraped,
IPCALAB,2019-09-27,2024-09-29,NIFTY200,niftyindices_pr_scraped,
IRB,2018-01-01,2018-09-27,NIFTY200,niftyindices_pr_scraped,
IRB,2024-09-30,2026-03-29,NIFTY200,niftyindices_pr_scraped,
IRCTC,2020-03-27,,NIFTY200,niftyindices_pr_scraped,
IREDA,2024-09-30,,NIFTY200,niftyindices_pr_scraped,
IRFC,2018-01-01,2022-03-30,NIFTY200,niftyindices_pr_scraped,
IRFC,2023-03-31,,NIFTY200,niftyindices_pr_scraped,
ISEC,2020-09-25,2023-03-30,NIFTY200,niftyindices_pr_scraped,
ITC,2018-01-01,,NIFTY200,niftyindices_pr_scraped,
ITCHOTELS,2025-09-30,2026-03-29,NIFTY200,niftyindices_pr_scraped,
JINDALSTEL,2018-01-01,,NIFTY200,niftyindices_pr_scraped,
JIOFIN,2024-03-28,,NIFTY200,niftyindices_pr_scraped,
JSWENERGY,2018-01-01,,NIFTY200,niftyindices_pr_scraped,
JSWINFRA,2024-03-28,2025-03-27,NIFTY200,niftyindices_pr_scraped,
JSWSTEEL,2018-01-01,,NIFTY200,niftyindices_pr_scraped,
JUBILANT,2018-01-01,2020-09-24,NIFTY200,niftyindices_pr_scraped,
JUBLFOOD,2018-01-01,,NIFTY200,niftyindices_pr_scraped,
KALYANKJIL,2024-03-28,,NIFTY200,niftyindices_pr_scraped,
KARURVYSYA,2018-01-01,2018-09-27,NIFTY200,niftyindices_pr_scraped,
KEI,2025-09-30,,NIFTY200,niftyindices_pr_scraped,
KOTAKBANK,2018-01-01,,NIFTY200,niftyindices_pr_scraped,
KPITTECH,2023-09-29,,NIFTY200,niftyindices_pr_scraped,
LALPATHLAB,2018-01-01,2018-04-01,NIFTY200,niftyindices_pr_scraped,
LALPATHLAB,2020-06-26,2024-09-29,NIFTY200,niftyindices_pr_scraped,
LAURUSLABS,2021-03-31,2024-09-29,NIFTY200,niftyindices_pr_scraped,
LAURUSLABS,2026-03-30,,NIFTY200,niftyindices_pr_scraped,
LENSKART,2026-03-30,,NIFTY200,niftyindices_pr_scraped,
LGEINDIA,2026-03-30,,NIFTY200,niftyindices_pr_scraped,
LICHSGFIN,2018-01-01,,NIFTY200,niftyindices_pr_scraped,
LICI,2022-08-08,2026-03-29,NIFTY200,niftyindices_pr_scraped,
LINDEINDIA,2022-09-30,2023-03-30,NIFTY200,niftyindices_pr_scraped,
LODHA,2023-09-29,,NIFTY200,niftyindices_pr_scraped,
LT,2018-01-01,,NIFTY200,niftyindices_pr_scraped,
LTF,2018-01-01,,NIFTY200,niftyindices_pr_scraped,
LTM,2018-01-01,,NIFTY200,niftyindices_pr_scraped,
LTTS,2019-03-29,2024-09-29,NIFTY200,niftyindices_pr_scraped,
LUPIN,2018-01-01,,NIFTY200,niftyindices_pr_scraped,
M&M,2018-01-01,,NIFTY200,niftyindices_pr_scraped,
M&MFIN,2018-01-01,,NIFTY200,niftyindices_pr_scraped,
MAHABANK,2024-03-28,2025-09-29,NIFTY200,niftyindices_pr_scraped,
MANAPPURAM,2018-01-01,2022-09-29,NIFTY200,niftyindices_pr_scraped,
MANKIND,2023-07-13,,NIFTY200,niftyindices_pr_scraped,
MARICO,2018-01-01,,NIFTY200,niftyindices_pr_scraped,
MARUTI,2018-01-01,,NIFTY200,niftyindices_pr_scraped,
MAXHEALTH,2022-03-31,,NIFTY200,niftyindices_pr_scraped,
MAZDOCK,2023-09-29,,NIFTY200,niftyindices_pr_scraped,
MCX,2026-03-30,,NIFTY200,niftyindices_pr_scraped,
METROPOLIS,2022-03-31,2022-09-29,NIFTY200,niftyindices_pr_scraped,
MFSL,2018-01-01,,NIFTY200,niftyindices_pr_scraped,
MGL,2018-01-01,2022-03-30,NIFTY200,niftyindices_pr_scraped,
MINDTREE,2018-01-01,2022-09-29,NIFTY200,niftyindices_pr_scraped,
MOTHERSON,2022-09-30,,NIFTY200,niftyindices_pr_scraped,
MOTHERSUMI,2018-01-01,2021-06-29,NIFTY200,niftyindices_pr_scraped,
MOTILALOFS,2025-03-28,,NIFTY200,niftyindices_pr_scraped,
MPHASIS,2018-01-01,,NIFTY200,niftyindices_pr_scraped,
MRF,2018-01-01,,NIFTY200,niftyindices_pr_scraped,
MRPL,2018-01-01,2020-09-24,NIFTY200,niftyindices_pr_scraped,
MRPL,2024-09-30,2025-03-27,NIFTY200,niftyindices_pr_scraped,
MSUMI,2022-09-30,2024-03-27,NIFTY200,niftyindices_pr_scraped,
MUTHOOTFIN,2018-01-01,2024-03-27,NIFTY200,niftyindices_pr_scraped,
MUTHOOTFIN,2024-09-30,,NIFTY200,niftyindices_pr_scraped,
NAM-INDIA,2018-01-01,2023-03-30,NIFTY200,niftyindices_pr_scraped,
NATCOPHARM,2018-01-01,2022-03-30,NIFTY200,niftyindices_pr_scraped,
NATIONALUM,2018-01-01,2023-03-30,NIFTY200,niftyindices_pr_scraped,
NATIONALUM,2025-03-28,,NIFTY200,niftyindices_pr_scraped,
NAUKRI,2018-01-01,,NIFTY200,niftyindices_pr_scraped,
NAVINFLUOR,2020-09-25,2024-03-27,NIFTY200,niftyindices_pr_scraped,
NBCC,2018-01-01,2020-06-25,NIFTY200,niftyindices_pr_scraped,
NESTLEIND,2019-09-27,,NIFTY200,niftyindices_pr_scraped,
NHPC,2018-01-01,2020-09-24,NIFTY200,niftyindices_pr_scraped,
NHPC,2023-03-31,,NIFTY200,niftyindices_pr_scraped,
NIACL,2018-09-28,2020-06-25,NIFTY200,niftyindices_pr_scraped,
NLCINDIA,2024-09-30,2025-03-27,NIFTY200,niftyindices_pr_scraped,
NMDC,2018-01-01,2022-08-07,NIFTY200,niftyindices_pr_scraped,
NMDC,2023-03-31,,NIFTY200,niftyindices_pr_scraped,
NTPC,2018-01-01,,NIFTY200,niftyindices_pr_scraped,
NTPCGREEN,2025-03-28,2026-03-29,NIFTY200,niftyindices_pr_scraped,
NYKAA,2022-03-31,,NIFTY200,niftyindices_pr_scraped,
OBEROIRLTY,2018-01-01,,NIFTY200,niftyindices_pr_scraped,
OFSS,2018-01-01,2021-03-30,NIFTY200,niftyindices_pr_scraped,
OFSS,2022-03-31,2023-09-28,NIFTY200,niftyindices_pr_scraped,
OFSS,2024-03-28,,NIFTY200,niftyindices_pr_scraped,
OIL,2018-01-01,,NIFTY200,niftyindices_pr_scraped,
OLAELEC,2025-03-28,2025-09-29,NIFTY200,niftyindices_pr_scraped,
ONGC,2018-01-01,,NIFTY200,niftyindices_pr_scraped,
ORIENTBANK,2019-09-27,2019-12-26,NIFTY200,niftyindices_pr_scraped,
PAGEIND,2018-01-01,,NIFTY200,niftyindices_pr_scraped,
PATANJALI,2022-09-30,,NIFTY200,niftyindices_pr_scraped,
PAYTM,2022-03-31,,NIFTY200,niftyindices_pr_scraped,
PCJEWELLER,2018-01-01,2019-03-28,NIFTY200,niftyindices_pr_scraped,
PEL,2018-01-01,2022-08-07,NIFTY200,niftyindices_pr_scraped,
PEL,2023-03-31,2024-09-29,NIFTY200,niftyindices_pr_scraped,
PERSISTENT,2022-03-31,,NIFTY200,niftyindices_pr_scraped,
PETRONET,2018-01-01,2025-09-29,NIFTY200,niftyindices_pr_scraped,
PFC,2018-01-01,,NIFTY200,niftyindices_pr_scraped,
PFIZER,2019-03-29,2022-03-30,NIFTY200,niftyindices_pr_scraped,
PGHH,2018-01-01,2024-03-27,NIFTY200,niftyindices_pr_scraped,
PHOENIXLTD,2024-09-30,,NIFTY200,niftyindices_pr_scraped,
PIDILITIND,2018-01-01,,NIFTY200,niftyindices_pr_scraped,
PIIND,2018-01-01,,NIFTY200,niftyindices_pr_scraped,
PNB,2018-01-01,,NIFTY200,niftyindices_pr_scraped,
PNBHOUSING,2018-01-01,2020-09-24,NIFTY200,niftyindices_pr_scraped,
POLICYBZR,2022-03-31,,NIFTY200,niftyindices_pr_scraped,
POLYCAB,2020-06-26,,NIFTY200,niftyindices_pr_scraped,
POONAWALLA,2022-09-30,2025-03-27,NIFTY200,niftyindices_pr_scraped,
POWERGRID,2018-01-01,,NIFTY200,niftyindices_pr_scraped,
POWERINDIA,2025-09-30,,NIFTY200,niftyindices_pr_scraped,
PREMIERENE,2025-03-28,,NIFTY200,niftyindices_pr_scraped,
PRESTIGE,2018-01-01,,NIFTY200,niftyindices_pr_scraped,
QUESS,2018-01-01,2020-09-24,NIFTY200,niftyindices_pr_scraped,
RADICO,2026-03-30,,NIFTY200,niftyindices_pr_scraped,
RAJESHEXPO,2018-01-01,2021-03-30,NIFTY200,niftyindices_pr_scraped,
RAMCOCEM,2018-01-01,2024-03-27,NIFTY200,niftyindices_pr_scraped,
RBLBANK,2018-01-01,2022-03-30,NIFTY200,niftyindices_pr_scraped,
RCOM,2018-01-01,2018-04-01,NIFTY200,niftyindices_pr_scraped,
RECLTD,2018-01-01,,NIFTY200,niftyindices_pr_scraped,
RELCAPITAL,2018-01-01,2019-09-26,NIFTY200,niftyindices_pr_scraped,
RELIANCE,2018-01-01,,NIFTY200,niftyindices_pr_scraped,
RELINFRA,2018-01-01,2019-09-26,NIFTY200,niftyindices_pr_scraped,
RPOWER,2018-01-01,2019-09-26,NIFTY200,niftyindices_pr_scraped,
RVNL,2023-09-29,,NIFTY200,niftyindices_pr_scraped,
SAIL,2018-01-01,,NIFTY200,niftyindices_pr_scraped,
SANOFI,2020-09-25,2022-03-30,NIFTY200,niftyindices_pr_scraped,
SBICARD,2020-07-31,,NIFTY200,niftyindices_pr_scraped,
SBILIFE,2018-04-02,,NIFTY200,niftyindices_pr_scraped,
SBIN,2018-01-01,,NIFTY200,niftyindices_pr_scraped,
SHREECEM,2018-01-01,,NIFTY200,niftyindices_pr_scraped,
SHRIRAMFIN,2018-01-01,,NIFTY200,niftyindices_pr_scraped,
SIEMENS,2018-01-01,,NIFTY200,niftyindices_pr_scraped,
SJVN,2024-03-28,2025-09-29,NIFTY200,niftyindices_pr_scraped,
SOLARINDS,2024-09-30,,NIFTY200,niftyindices_pr_scraped,
SONACOMS,2021-10-29,2026-03-29,NIFTY200,niftyindices_pr_scraped,
SPARC,2018-01-01,2019-09-26,NIFTY200,niftyindices_pr_scraped,
SRF,2018-01-01,,NIFTY200,niftyindices_pr_scraped,
STRTECH,2018-04-02,2020-06-25,NIFTY200,niftyindices_pr_scraped,
SUNDARMFIN,2024-09-30,2025-03-27,NIFTY200,niftyindices_pr_scraped,
SUNPHARMA,2018-01-01,,NIFTY200,niftyindices_pr_scraped,
SUNTV,2018-01-01,2024-09-29,NIFTY200,niftyindices_pr_scraped,
SUPREMEIND,2024-03-28,,NIFTY200,niftyindices_pr_scraped,
SUZLON,2018-01-01,2018-09-27,NIFTY200,niftyindices_pr_scraped,
SUZLON,2024-03-28,,NIFTY200,niftyindices_pr_scraped,
SWIGGY,2025-03-28,,NIFTY200,niftyindices_pr_scraped,
SYNDIBANK,2018-01-01,2018-04-01,NIFTY200,niftyindices_pr_scraped,
SYNGENE,2018-01-01,2024-09-29,NIFTY200,niftyindices_pr_scraped,
TATACAP,2026-03-30,,NIFTY200,niftyindices_pr_scraped,
TATACHEM,2018-01-01,2019-12-26,NIFTY200,niftyindices_pr_scraped,
TATACHEM,2020-09-25,2025-03-27,NIFTY200,niftyindices_pr_scraped,
TATACOMM,2018-01-01,,NIFTY200,niftyindices_pr_scraped,
TATACONSUM,2018-01-01,,NIFTY200,niftyindices_pr_scraped,
TATAELXSI,2021-03-31,,NIFTY200,niftyindices_pr_scraped,
TATAINVEST,2026-03-30,,NIFTY200,niftyindices_pr_scraped,
TATAMTRDVR,2018-01-01,2020-06-25,NIFTY200,niftyindices_pr_scraped,
TATAPOWER,2018-01-01,,NIFTY200,niftyindices_pr_scraped,
TATASTEEL,2018-01-01,,NIFTY200,niftyindices_pr_scraped,
TATATECH,2024-03-28,2026-03-29,NIFTY200,niftyindices_pr_scraped,
TCS,2018-01-01,,NIFTY200,niftyindices_pr_scraped,
TECHM,2018-01-01,,NIFTY200,niftyindices_pr_scraped,
TIINDIA,2022-09-30,,NIFTY200,niftyindices_pr_scraped,
TITAN,2018-01-01,,NIFTY200,niftyindices_pr_scraped,
TMCV,2026-03-30,,NIFTY200,niftyindices_pr_scraped,
TMPV,2018-01-01,,NIFTY200,niftyindices_pr_scraped,
TORNTPHARM,2018-01-01,,NIFTY200,niftyindices_pr_scraped,
TORNTPOWER,2018-01-01,2026-03-29,NIFTY200,niftyindices_pr_scraped,
TRENT,2020-06-26,,NIFTY200,niftyindices_pr_scraped,
TRIDENT,2022-03-31,2023-09-28,NIFTY200,niftyindices_pr_scraped,
TTML,2022-09-30,2023-09-28,NIFTY200,niftyindices_pr_scraped,
TV18BRDCST,2018-01-01,2019-03-28,NIFTY200,niftyindices_pr_scraped,
TVSMOTOR,2018-01-01,,NIFTY200,niftyindices_pr_scraped,
UBL,2018-01-01,2024-03-27,NIFTY200,niftyindices_pr_scraped,
ULTRACEMCO,2018-01-01,,NIFTY200,niftyindices_pr_scraped,
UNIONBANK,2018-01-01,,NIFTY200,niftyindices_pr_scraped,
UNITDSPR,2018-01-01,,NIFTY200,niftyindices_pr_scraped,
UPL,2018-01-01,,NIFTY200,niftyindices_pr_scraped,
VAKRANGEE,2018-01-01,2019-03-28,NIFTY200,niftyindices_pr_scraped,
VARROC,2018-12-28,2020-06-25,NIFTY200,niftyindices_pr_scraped,
VBL,2019-12-27,,NIFTY200,niftyindices_pr_scraped,
VEDL,2018-01-01,2020-07-30,NIFTY200,niftyindices_pr_scraped,
VEDL,2021-03-31,,NIFTY200,niftyindices_pr_scraped,
VMM,2025-03-28,,NIFTY200,niftyindices_pr_scraped,
VOLTAS,2018-01-01,,NIFTY200,niftyindices_pr_scraped,
WAAREEENER,2025-03-28,,NIFTY200,niftyindices_pr_scraped,
WELSPUNIND,2018-01-01,2018-04-01,NIFTY200,niftyindices_pr_scraped,
WHIRLPOOL,2019-12-27,2023-09-28,NIFTY200,niftyindices_pr_scraped,
WIPRO,2018-01-01,,NIFTY200,niftyindices_pr_scraped,
WOCKPHARMA,2018-01-01,2018-09-27,NIFTY200,niftyindices_pr_scraped,
YESBANK,2018-01-01,2020-03-18,NIFTY200,niftyindices_pr_scraped,
YESBANK,2020-09-25,,NIFTY200,niftyindices_pr_scraped,
ZEEL,2018-01-01,2024-09-29,NIFTY200,niftyindices_pr_scraped,
ZYDUSLIFE,2018-01-01,,NIFTY200,niftyindices_pr_scraped,
